{
  "total": 5000,
  "mean": 79.4538,
  "p50": 83,
  "p90": 91,
  "p95": 94,
  "stdDev": 11.645748819204332,
  "max": 100,
  "min": 52,
  "byPattern": {
    "从格系": {
      "count": 163,
      "mean": 81.31288343558282
    },
    "化气格系": {
      "count": 331,
      "mean": 80.11480362537765
    },
    "正格系": {
      "count": 1673,
      "mean": 80.98087268380155
    },
    "其他": {
      "count": 714,
      "mean": 82.62605042016807
    },
    "通关格系": {
      "count": 905,
      "mean": 75.77790055248619
    },
    "调候格系": {
      "count": 216,
      "mean": 73.20370370370371
    },
    "病药格系": {
      "count": 552,
      "mean": 75.31159420289855
    },
    "成象格系": {
      "count": 146,
      "mean": 80.38356164383562
    },
    "特殊格系": {
      "count": 160,
      "mean": 77.1
    },
    "专旺格系": {
      "count": 103,
      "mean": 96.88349514563107
    },
    "扶抑格系": {
      "count": 37,
      "mean": 81.27027027027027
    }
  }
}